<?xml version="1.0" encoding="UTF-8"?>
<beans xmlns="http://www.springframework.org/schema/beans"  
    xmlns:xsi="http://www.w3.org/2001/XMLSchema-instance"  
    xmlns:p="http://www.springframework.org/schema/p"  
    xsi:schemaLocation="http://www.springframework.org/schema/beans  
               http://www.springframework.org/schema/beans/spring-beans-3.0.xsd"> 

<bean id="spell" class="com.DI.SpellChecker"></bean>

<bean class="com.DI.TextEditor" id="editor">
<property name="spellchecker" ref="spell"></property>
</bean>
<bean class="com.DI.TextEditor" id="editor1">
<property name="spellchecker" ref="spell"></property>


</bean>
</beans>